,name,artists,acousticness,liveness,instrumentalness,energy,danceability,valence
5,My Romance,EllaFitzgerald,0.878,0.346,0.000258,0.292,0.184,0.143
7,Autumn In New York,BillieHoliday,0.958,0.114,7e-06,0.098,0.587,0.288
11,Mala Femmina,JerryVale,0.87,0.174,1.02e-06,0.29,0.176,0.183
6,My Funny Valentine,EllaFitzgerald,0.942,0.166,9.53e-06,0.192,0.188,0.145
4,Solitude,BillieHoliday,0.984,0.105,0.000902,0.15,0.462,0.19
10,Double Trouble,OtisRush,0.669,0.175,0.00456,0.424,0.566,0.431
9,Time After Time - Vocal Version,ChetBaker,0.938,0.2,3.76e-05,0.0454,0.501,0.255
2,Blue Moon - Take 9/M,ElvisPresley,0.952,0.112,0.449,0.1,0.419,0.256
8,I Saw The Light - Single Version,HankWilliams,0.95,0.165,0.000118,0.265,0.349,0.48
9,Hẹn Em Ở Lần Yêu Thứ 2,Nguyenn,0.835,0.206,0.0,0.253,0.515,0.253
